{"cameraMode":{"drawMode":0,"name":"Shaded","section":"Shading Mode"},"sceneLighting":true,"audioPlay":false,"sceneViewState":{"showFog":true,"showMaterialUpdate":true,"showSkybox":true,"showFlares":true,"showImageEffects":true,"showParticleSystems":true},"in2DMode":false,"pivot":{"x":-1.493825912475586,"y":2.365194320678711,"z":-2.4467267990112306},"rotation":{"x":0.006780326832085848,"y":0.0993439331650734,"z":-0.0006758597446605563,"w":0.995029866695404},"size":1.6334165334701539,"orthographic":false}