{"cameraMode":{"drawMode":0,"name":"Shaded","section":"Shading Mode"},"sceneLighting":false,"audioPlay":false,"sceneViewState":{"showFog":true,"showMaterialUpdate":true,"showSkybox":true,"showFlares":true,"showImageEffects":true,"showParticleSystems":true},"in2DMode":false,"pivot":{"x":-2.6125850677490236,"y":1.9666603803634644,"z":3.751884937286377},"rotation":{"x":0.028920214623212816,"y":0.5853720307350159,"z":0.020900826901197435,"w":-0.809979259967804},"size":1.6417289972305298,"orthographic":false}