{"cameraMode":{"drawMode":0,"name":"Shaded","section":"Shading Mode"},"sceneLighting":false,"audioPlay":false,"sceneViewState":{"showFog":true,"showMaterialUpdate":true,"showSkybox":true,"showFlares":true,"showImageEffects":true,"showParticleSystems":true},"in2DMode":false,"pivot":{"x":-0.024310879409313203,"y":3.9596364498138429,"z":3.0342493057250978},"rotation":{"x":-0.006309331860393286,"y":-0.03117912821471691,"z":0.00019619317026808858,"w":-0.9994938969612122},"size":1.6334165334701539,"orthographic":false}