{"cameraMode":{"drawMode":0,"name":"Shaded","section":"Shading Mode"},"sceneLighting":false,"audioPlay":false,"sceneViewState":{"showFog":true,"showMaterialUpdate":true,"showSkybox":true,"showFlares":true,"showImageEffects":true,"showParticleSystems":true},"in2DMode":false,"pivot":{"x":1.0750188827514649,"y":4.203169345855713,"z":0.6036827564239502},"rotation":{"x":0.0006495116394944489,"y":0.9993482232093811,"z":-0.024297459051012994,"w":0.026689747348427774},"size":0.14289434254169465,"orthographic":false}