{"cameraMode":{"drawMode":0,"name":"Shaded","section":"Shading Mode"},"sceneLighting":false,"audioPlay":false,"sceneViewState":{"showFog":true,"showMaterialUpdate":true,"showSkybox":true,"showFlares":true,"showImageEffects":true,"showParticleSystems":true},"in2DMode":false,"pivot":{"x":-3.1326613426208498,"y":1.9033551216125489,"z":-0.022469647228717805},"rotation":{"x":-0.022766800597310067,"y":0.6908930540084839,"z":-0.021777505055069925,"w":-0.7222702503204346},"size":1.33341646194458,"orthographic":false}