{"cameraMode":{"drawMode":0,"name":"Shaded","section":"Shading Mode"},"sceneLighting":false,"audioPlay":false,"sceneViewState":{"showFog":true,"showMaterialUpdate":true,"showSkybox":true,"showFlares":true,"showImageEffects":true,"showParticleSystems":true},"in2DMode":false,"pivot":{"x":0.6178891658782959,"y":-0.08710679411888123,"z":0.0771993100643158},"rotation":{"x":-0.0750984400510788,"y":-0.5918096899986267,"z":0.0555042028427124,"w":-0.8006502389907837},"size":1.331633448600769,"orthographic":false}