{"cameraMode":{"drawMode":0,"name":"Shaded","section":"Shading Mode"},"sceneLighting":false,"audioPlay":false,"sceneViewState":{"showFog":true,"showMaterialUpdate":true,"showSkybox":true,"showFlares":true,"showImageEffects":true,"showParticleSystems":true},"in2DMode":false,"pivot":{"x":0.0,"y":-0.035510413348674777,"z":-0.027850627899169923},"rotation":{"x":-0.005210381932556629,"y":-0.6016067266464233,"z":0.003918796312063932,"w":-0.7987658977508545},"size":0.7246106266975403,"orthographic":false}