{"cameraMode":{"drawMode":0,"name":"Shaded","section":"Shading Mode"},"sceneLighting":false,"audioPlay":false,"sceneViewState":{"showFog":true,"showMaterialUpdate":true,"showSkybox":true,"showFlares":true,"showImageEffects":true,"showParticleSystems":true},"in2DMode":false,"pivot":{"x":1.085483431816101,"y":4.170356273651123,"z":-5.703428745269775},"rotation":{"x":0.019478172063827516,"y":-0.9705113172531128,"z":0.22510872781276704,"w":0.08399120718240738},"size":0.2857890725135803,"orthographic":false}