{"cameraMode":{"drawMode":0,"name":"Shaded","section":"Shading Mode"},"sceneLighting":false,"audioPlay":false,"sceneViewState":{"showFog":true,"showMaterialUpdate":true,"showSkybox":true,"showFlares":true,"showImageEffects":true,"showParticleSystems":true},"in2DMode":false,"pivot":{"x":-0.004015238955616951,"y":3.5750010013580324,"z":3.251831531524658},"rotation":{"x":-0.013811987824738026,"y":-0.005384742747992277,"z":0.00007366699719568714,"w":-0.999890148639679},"size":1.6334165334701539,"orthographic":false}