{"cameraMode":{"drawMode":0,"name":"Shaded","section":"Shading Mode"},"sceneLighting":true,"audioPlay":false,"sceneViewState":{"showFog":true,"showMaterialUpdate":true,"showSkybox":true,"showFlares":true,"showImageEffects":true,"showParticleSystems":true},"in2DMode":false,"pivot":{"x":1.5994372367858887,"y":0.7322529554367065,"z":-1.896510124206543},"rotation":{"x":-0.07699659466743469,"y":-0.24041302502155305,"z":0.019129959866404535,"w":-0.9674229621887207},"size":7.244256496429443,"orthographic":false}