{"cameraMode":{"drawMode":0,"name":"Shaded","section":"Shading Mode"},"sceneLighting":false,"audioPlay":false,"sceneViewState":{"showFog":true,"showMaterialUpdate":true,"showSkybox":true,"showFlares":true,"showImageEffects":true,"showParticleSystems":true},"in2DMode":false,"pivot":{"x":0.002609061077237129,"y":0.01942920684814453,"z":0.005274362862110138},"rotation":{"x":-0.007546136621385813,"y":-0.6099458336830139,"z":0.005803149659186602,"w":-0.792385995388031},"size":0.3125402629375458,"orthographic":false}