{"cameraMode":{"drawMode":0,"name":"Shaded","section":"Shading Mode"},"sceneLighting":true,"audioPlay":false,"sceneViewState":{"showFog":true,"showMaterialUpdate":true,"showSkybox":true,"showFlares":true,"showImageEffects":true,"showParticleSystems":true},"in2DMode":false,"pivot":{"x":0.639981210231781,"y":2.066436529159546,"z":-4.172340393066406},"rotation":{"x":0.07722090929746628,"y":0.15246380865573884,"z":-0.011945540085434914,"w":0.9852152466773987},"size":2.2612247467041017,"orthographic":false}