{"cameraMode":{"drawMode":0,"name":"Shaded","section":"Shading Mode"},"sceneLighting":false,"audioPlay":false,"sceneViewState":{"showFog":true,"showMaterialUpdate":true,"showSkybox":true,"showFlares":true,"showImageEffects":true,"showParticleSystems":true},"in2DMode":false,"pivot":{"x":1.8025343418121338,"y":4.5344014167785648,"z":-7.853143215179443},"rotation":{"x":0.014676271937787533,"y":0.6863037943840027,"z":0.01384678017348051,"w":-0.7270350456237793},"size":0.24710072576999665,"orthographic":false}