{"cameraMode":{"drawMode":0,"name":"Shaded","section":"Shading Mode"},"sceneLighting":false,"audioPlay":false,"sceneViewState":{"showFog":true,"showMaterialUpdate":true,"showSkybox":true,"showFlares":true,"showImageEffects":true,"showParticleSystems":true},"in2DMode":false,"pivot":{"x":0.8628575801849365,"y":4.093079566955566,"z":-0.19130857288837434},"rotation":{"x":0.003919854760169983,"y":-0.9960303902626038,"z":0.0676431953907013,"w":0.05772832781076431},"size":0.14289434254169465,"orthographic":false}