{"cameraMode":{"drawMode":0,"name":"Shaded","section":"Shading Mode"},"sceneLighting":false,"audioPlay":false,"sceneViewState":{"showFog":true,"showMaterialUpdate":true,"showSkybox":true,"showFlares":true,"showImageEffects":true,"showParticleSystems":true},"in2DMode":false,"pivot":{"x":0.8871009349822998,"y":4.210813522338867,"z":-7.848762512207031},"rotation":{"x":0.015692854300141336,"y":-0.683942437171936,"z":0.014723883010447026,"w":0.7292186617851257},"size":0.06980036944150925,"orthographic":false}