{"cameraMode":{"drawMode":0,"name":"Shaded","section":"Shading Mode"},"sceneLighting":true,"audioPlay":false,"sceneViewState":{"showFog":true,"showMaterialUpdate":true,"showSkybox":true,"showFlares":true,"showImageEffects":true,"showParticleSystems":true},"in2DMode":false,"pivot":{"x":2.103684902191162,"y":2.6821184158325197,"z":-7.690763473510742},"rotation":{"x":-0.12117581814527512,"y":0.7200167179107666,"z":-0.13007405400276185,"w":-0.6708003878593445},"size":1.4586317539215088,"orthographic":false}