{"cameraMode":{"drawMode":0,"name":"Shaded","section":"Shading Mode"},"sceneLighting":false,"audioPlay":false,"sceneViewState":{"showFog":true,"showMaterialUpdate":true,"showSkybox":true,"showFlares":true,"showImageEffects":true,"showParticleSystems":true},"in2DMode":false,"pivot":{"x":0.03445443511009216,"y":-0.09959305822849274,"z":0.16118358075618745},"rotation":{"x":0.002617181744426489,"y":-0.9973782896995544,"z":-0.05099116638302803,"w":-0.05128021165728569},"size":0.1958225667476654,"orthographic":false}