{"cameraMode":{"drawMode":0,"name":"Shaded","section":"Shading Mode"},"sceneLighting":false,"audioPlay":false,"sceneViewState":{"showFog":true,"showMaterialUpdate":true,"showSkybox":true,"showFlares":true,"showImageEffects":true,"showParticleSystems":true},"in2DMode":false,"pivot":{"x":0.09515813738107681,"y":0.005886053666472435,"z":0.09584490954875946},"rotation":{"x":-0.05256794020533562,"y":-0.3437923789024353,"z":0.01927514560520649,"w":-0.9373750686645508},"size":0.23144373297691346,"orthographic":false}