{"cameraMode":{"drawMode":0,"name":"Shaded","section":"Shading Mode"},"sceneLighting":true,"audioPlay":false,"sceneViewState":{"showFog":true,"showMaterialUpdate":true,"showSkybox":true,"showFlares":true,"showImageEffects":true,"showParticleSystems":true},"in2DMode":false,"pivot":{"x":2.7187905311584474,"y":2.823906421661377,"z":-6.3973541259765629},"rotation":{"x":-0.12243852764368057,"y":0.27340880036354067,"z":-0.03511636704206467,"w":-0.9534271359443665},"size":1.4586317539215088,"orthographic":false}