{"cameraMode":{"drawMode":0,"name":"Shaded","section":"Shading Mode"},"sceneLighting":false,"audioPlay":false,"sceneViewState":{"showFog":true,"showMaterialUpdate":true,"showSkybox":true,"showFlares":true,"showImageEffects":true,"showParticleSystems":true},"in2DMode":false,"pivot":{"x":0.049578599631786349,"y":0.3038513660430908,"z":0.9880249500274658},"rotation":{"x":0.0033441598061472179,"y":0.9958586692810059,"z":-0.08106152713298798,"w":0.041028570383787158},"size":0.1252048760652542,"orthographic":false}