{"cameraMode":{"drawMode":0,"name":"Shaded","section":"Shading Mode"},"sceneLighting":false,"audioPlay":false,"sceneViewState":{"showFog":true,"showMaterialUpdate":true,"showSkybox":true,"showFlares":true,"showImageEffects":true,"showParticleSystems":true},"in2DMode":false,"pivot":{"x":-2.6897523403167726,"y":1.8571946620941163,"z":0.6644147634506226},"rotation":{"x":-0.00010103713429998606,"y":0.9998987317085266,"z":-0.010509836487472058,"w":-0.009597855620086193},"size":1.33341646194458,"orthographic":false}