{"cameraMode":{"drawMode":0,"name":"Shaded","section":"Shading Mode"},"sceneLighting":true,"audioPlay":false,"sceneViewState":{"showFog":true,"showMaterialUpdate":true,"showSkybox":true,"showFlares":true,"showImageEffects":true,"showParticleSystems":true},"in2DMode":false,"pivot":{"x":-1.9065048694610596,"y":1.9445390701293946,"z":-6.108846664428711},"rotation":{"x":-0.0881231501698494,"y":-0.13161547482013703,"z":0.011743067763745785,"w":-0.9873063564300537},"size":2.9069900512695314,"orthographic":false}