{"cameraMode":{"drawMode":0,"name":"Shaded","section":"Shading Mode"},"sceneLighting":false,"audioPlay":false,"sceneViewState":{"showFog":true,"showMaterialUpdate":true,"showSkybox":true,"showFlares":true,"showImageEffects":true,"showParticleSystems":true},"in2DMode":false,"pivot":{"x":0.8873999714851379,"y":4.215000152587891,"z":-7.84555721282959},"rotation":{"x":0.016088223084807397,"y":0.6754772067070007,"z":-0.014738643541932106,"w":0.7370580434799194},"size":0.14334125816822053,"orthographic":false}