{"cameraMode":{"drawMode":0,"name":"Shaded","section":"Shading Mode"},"sceneLighting":true,"audioPlay":false,"sceneViewState":{"showFog":true,"showMaterialUpdate":true,"showSkybox":true,"showFlares":true,"showImageEffects":true,"showParticleSystems":true},"in2DMode":false,"pivot":{"x":7.589468479156494,"y":-2.1307320594787599,"z":-7.313305854797363},"rotation":{"x":-0.18748511373996736,"y":-0.6580702662467957,"z":0.17422650754451753,"w":-0.7081228494644165},"size":8.932892799377442,"orthographic":false}