{"cameraMode":{"drawMode":0,"name":"Shaded","section":"Shading Mode"},"sceneLighting":false,"audioPlay":false,"sceneViewState":{"showFog":true,"showMaterialUpdate":true,"showSkybox":true,"showFlares":true,"showImageEffects":true,"showParticleSystems":true},"in2DMode":false,"pivot":{"x":0.20804435014724732,"y":-0.10777264833450318,"z":0.24813628196716309},"rotation":{"x":-0.3773159086704254,"y":-0.27788859605789187,"z":0.11979129910469055,"w":-0.8752489686012268},"size":1.1890244483947755,"orthographic":false}